threads,N,theta,par_time,mean_time,std_time,min_time,max_time
1,200000,0.5,43.230661168
2,400000,0.5,96.100095166
4,800000,0.5,100.263709763
8,1600000,0.5,120.793143351
16,3200000,0.5,151.059606482
32,6400000,0.5,220.141096462
64,12800000,0.5,341.665064735
